,Experiment,mean mse,var mse,mean r2,var r2
0,y_n_100_rand.csv,0.21911255682932174,4.168257061958006e-06,0.318926175091708,4.027247687397422e-05
1,y_n_1000_clust.csv,0.05994982356422832,9.171606183167388e-07,0.21043576424733373,0.00015909059873443703
2,y_n_1000_rand.csv,0.07403669655279939,3.7332956683919205e-07,0.24890573602410826,3.842264088135118e-05
3,y_n_100_clust.csv,0.19712025254756368,5.720589024567635e-05,0.5713844435647932,0.0002704668940913926
