,Explained var,mae,mse,r2
0,0.22624473044692606,0.09097747260901583,0.05955731694020401,0.21560524055602692
1,0.22091930386682468,0.09077939298334807,0.059979599117769344,0.21004360776082565
2,0.21051079338006617,0.09076441086488485,0.060779400759889836,0.1995098858118689
3,0.24274672228540994,0.09121450530489723,0.05829860158869291,0.23218304788653965
4,0.21606983350379283,0.09086100816137326,0.0603490179197091,0.20517820771984419
5,0.2303218677293356,0.09092502687303802,0.05925089407931236,0.21964095772069636
6,0.20189332096135915,0.09072572471037434,0.061433934544020685,0.19088940227553464
