,Explained var,mae,mse,r2
0,0.5628644953529303,0.3106677847517204,0.20105987188995125,0.562818189642341
1,0.5809364136118229,0.30266550915346757,0.19325103479008793,0.579797617252714
2,0.5849943704502951,0.30374069869370107,0.1909019601515049,0.584905412724319
3,0.5518169959747152,0.31935513021020057,0.2061257290092808,0.5518030598423282
4,0.5461060109538898,0.3214178130154307,0.20877209837749897,0.5460488308139425
5,0.5827346812502959,0.3062389980079647,0.19200524546601974,0.5825064443642645
6,0.5929477375079413,0.29972765364654796,0.18772582814860198,0.5918115503136436
