,Explained var,mae,mse,r2
0,0.2555010054334068,0.14203643460224752,0.07362967200265016,0.2530349559805447
1,0.25679774659721755,0.14215554210324405,0.0735112427677963,0.2542364077352479
2,0.24888519490781524,0.14265010567781605,0.07428913316025645,0.24634479399526832
3,0.2551447918931464,0.14210211380671683,0.07366954867855569,0.2526304114244853
4,0.2581164693275585,0.14191171367492106,0.07337578933635736,0.2556105681195796
5,0.24083396018204595,0.14346429796654436,0.07508749198446196,0.23824553023317352
6,0.24477150720885787,0.14285526280526584,0.07469399793951778,0.24223748468045858
