,Explained var,mae,mse,r2
0,0.3206606314080679,0.38039847072284166,0.21863617147959152,0.32040693729432224
1,0.3111896319748938,0.38393886759572016,0.22167493725810336,0.3109614547454439
2,0.3297674821769113,0.37671471466714246,0.21570978203203983,0.32950311728079296
3,0.3163825836799835,0.3822350812557404,0.2200008339866179,0.3161651178074848
4,0.31712029730674574,0.3816844949113855,0.2197684005443326,0.3168875973215053
5,0.3127243197093157,0.3833332907529019,0.22118534198732442,0.31248327772333084
6,0.3263130102358144,0.378240020814614,0.21681243051724253,0.32607572346907576
